{
    "CS_default_1": {
        "bath": "bath.csv",
        "rw_length": 29.81,
        "level": 4.36,
        "left_station": 0,
        "east_l": 2.55712550696137,
        "north_l": -1.2352769493711016,
        "east_r": 36.82319621398531,
        "north_r": -1.32211198926624,
        "xl": 459.8,
        "yl": 630.1,
        "xr": 1316.4145363149314,
        "yr": 621.8235310500972,
        "dir_east_l": 2.55712550696137,
        "dir_north_l": -1.2352769493711016,
        "dir_east_r": 32.36642106330757,
        "dir_north_r": -1.3108178945530895,
        "dir_xl": 459.8,
        "dir_yl": 630.1,
        "dir_xr": 1205,
        "dir_yr": 622.9,
        "num_stations": 15,
        "alpha": 0.85,
        "id": [
            1,
            2,
            3,
            4,
            5,
            6,
            7,
            8,
            9,
            10,
            11,
            12,
            13,
            14,
            15
        ],
        "east": [
            6.389692097861948,
            8.837318558117746,
            11.284945018373543,
            13.73257147862934,
            16.180197938885136,
            18.627824399140934,
            21.07545085939673,
            23.52307731965253,
            25.970703779908327,
            28.418330240164124,
            30.865956700419922,
            33.31358316067572,
            35.76120962093152,
            38.208836081187314,
            40.65646254144311
        ],
        "north": [
            -1.24498921184984,
            -1.2511918413588354,
            -1.2573944708678308,
            -1.263597100376826,
            -1.2697997298858215,
            -1.2760023593948169,
            -1.2822049889038123,
            -1.2884076184128075,
            -1.294610247921803,
            -1.3008128774307983,
            -1.3070155069397937,
            -1.3132181364487892,
            -1.3194207659577843,
            -1.3256233954667798,
            -1.3318260249757752
        ],
        "distance": [
            0.0,
            2.4476343194107146,
            4.895268638821429,
            7.342902958232144,
            9.790537277642859,
            12.238171597053572,
            14.685805916464288,
            17.133440235875003,
            19.581074555285717,
            22.02870887469643,
            24.476343194107145,
            26.923977513517862,
            29.371611832928576,
            31.81924615233929,
            34.26688047175001
        ],
        "x": [
            555.6100005463256,
            616.7980026155094,
            677.9860046846932,
            739.1740067538768,
            800.3620088230605,
            861.5500108922442,
            922.738012961428,
            983.9260150306118,
            1045.1140170997953,
            1106.302019168979,
            1167.4900212381629,
            1228.6780233073466,
            1289.8660253765304,
            1351.0540274457142,
            1412.2420295148977
        ],
        "y": [
            629.1742995116297,
            628.5831110858405,
            627.9919226600513,
            627.400734234262,
            626.8095458084729,
            626.2183573826836,
            625.6271689568944,
            625.0359805311051,
            624.444792105316,
            623.8536036795267,
            623.2624152537375,
            622.6712268279483,
            622.0800384021591,
            621.4888499763698,
            620.8976615505806
        ],
        "displacement_x": [
            -0.030179270475903568,
            -0.31435737458611657,
            -0.3984008762882293,
            -0.4101226550305897,
            -0.42801196728342616,
            -0.6076658875457424,
            -0.5425156923774357,
            -0.520883783495095,
            -0.9492574296871876,
            -1.148493465776459,
            -0.9588455016153019,
            -0.943873483250802,
            NaN,
            NaN,
            NaN
        ],
        "displacement_y": [
            -1.017438253783333,
            -0.8369740514822896,
            -0.9938325924219256,
            -1.1293169398390468,
            -1.1869912674348404,
            -1.1255723296419586,
            -1.0742353987795832,
            -1.1584026016788738,
            -1.1239611488009986,
            -0.7582617795410509,
            -0.9816948785578972,
            -0.9830566547437528,
            NaN,
            NaN,
            NaN
        ],
        "displacement_east": [
            -0.000710759691612186,
            -0.012165071619371725,
            -0.015450043782522505,
            -0.015836301290962196,
            -0.016540173695141522,
            -0.02375575715979711,
            -0.021174986062578456,
            -0.020268716054322063,
            -0.03783688207640419,
            -0.045470816514915316,
            -0.03732106582597127,
            -0.03753958907093189,
            NaN,
            NaN,
            NaN
        ],
        "displacement_north": [
            0.04070922552033378,
            0.03362982050790319,
            0.03994469320319734,
            0.04618212996719724,
            0.04768491035014738,
            0.04531597336472294,
            0.043230867615590765,
            0.04658675300001501,
            0.04553436869523904,
            0.030778871036546883,
            0.03953684519243626,
            0.039944164003781826,
            NaN,
            NaN,
            NaN
        ],
        "streamwise_east": [
            0.00010315767302520759,
            8.514402318098085e-05,
            0.0001011255999712404,
            0.00011692955953129659,
            0.00012073327166208326,
            0.00011468375366518226,
            0.00010941640979569427,
            0.0001179264603872724,
            0.00011514676802733541,
            7.770547912542799e-05,
            9.995161049490088e-05,
            0.00010098240367182218,
            NaN,
            NaN,
            NaN
        ],
        "streamwise_north": [
            0.0407071629393208,
            0.03359877673947289,
            0.03990528435398055,
            0.04614170223770345,
            0.047642689269898016,
            0.04525548231202076,
            0.04317692994781335,
            0.04653509038216692,
            0.045438192919294816,
            0.03066344467913537,
            0.0394420150740432,
            0.03984877750459378,
            NaN,
            NaN,
            NaN
        ],
        "crosswise_east": [
            -0.0008139173646373937,
            -0.012250215642552706,
            -0.015551169382493747,
            -0.01595323085049349,
            -0.01666090696680361,
            -0.023870440913462288,
            -0.021284402472374148,
            -0.020386642514709338,
            -0.03795202884443152,
            -0.04554852199404075,
            -0.03742101743646618,
            -0.037640571474603715,
            NaN,
            NaN,
            NaN
        ],
        "crosswise_north": [
            2.0625810129769713e-06,
            3.104376843029927e-05,
            3.940884921678789e-05,
            4.0427729493799024e-05,
            4.222108024936229e-05,
            6.0491052702175036e-05,
            5.393766777741272e-05,
            5.166261784809293e-05,
            9.617577594422349e-05,
            0.00011542635741151285,
            9.483011839306477e-05,
            9.538649918804468e-05,
            NaN,
            NaN,
            NaN
        ],
        "streamwise_magnitude": [
            null,
            1.1331826535830127,
            1.158383783209794,
            1.0205963331883803,
            1.3241689433970707,
            1.3892397408006671,
            1.4206015111977974,
            1.3235041065213464,
            1.3300982590511756,
            1.4205807692988528,
            1.1589833449976292,
            1.0134039348785508,
            1.1756881797727816,
            1.1588549866484286,
            null
        ],