{
  "camera_matrix": [
    [
      -1.0076147495090085e-07,
      -8.60304717394926e-08,
      -7.187886642318935e-09,
      0.9998566356597187
    ],
    [
      -2.7612822442310254e-09,
      4.453261022361996e-09,
      -1.222688021583811e-07,
      -0.01692801711914917
    ],
    [
      2.0618181311691034e-11,
      -7.324617251334531e-11,
      1.6600556514978755e-11,
      0.0003877674696611446
    ]
  ],
  "camera_position": [
    4355883.543948429,
    6520324.9463289855,
    661.3946338053704
  ],
  "error": 12.123010466928259
}